id;family_name;family_image;family_icon
1;Branding;Home Gloves Latvia;Ports Manager Fish
2;Networked;Fish;payment calculating
3;local area network Benin;turn-key dedicated;Wisconsin
4;target Human withdrawal;dot-com payment Libyan Dinar;white sensor local
5;calculate;Chips;Villages uniform PCI
6;Automotive Tactics architectures;Wisconsin Facilitator Incredible;reinvent
7;eco-centric Bedfordshire mesh;Configuration UIC-Franc;Ergonomic Concrete Soap Zambian Kwacha
8;Concrete Bedfordshire;portal calculating Metal;real-time discrete redundant
9;Synergistic Personal Loan Account Sleek;Borders;olive Handcrafted Cotton Bacon Unbranded Fresh Pants
10;incubate;interfaces;Garden Dale Wallis and Futuna
