id;steering_name;steering_image
1;Pre-emptive Bouvet Island (Bouvetoya) ex;Credit Card Account
2;Belize Dollar Bacon;Investment Account Rwanda Customer
3;Liaison copy program;hack Electronics Oklahoma
4;Cambridgeshire navigate Licensed;Fantastic indexing
5;Investment Account;haptic Shoes
6;models;driver payment Mexican Peso Mexican Unidad de Inversion (UDI)
7;port Money Market Account;Chips National Idaho
8;vortals value-added;Salad Connecticut
9;Generic Advanced;HDD Security Virginia
10;solid state Clothing deposit;Maine Checking Account markets
